word,origin_class
lock,Germanic
hezbollah,Other
grivna,Other
essence,Latin
industry,Latin
gorilla,Greek
contract,Latin
walker,Germanic
search,Latin
civilize,Latin
erymanthos,Greek
dorcas,Greek
injucundity,Latin
bibimbap,Other
title,Latin
tophaike,Other
taboo,Other
tutti,Latin
note,Latin
stump,Germanic
svetlana,Other
peribolos,Greek
four,Germanic
lift,Germanic
cyril,Greek
land,Germanic
carafe,Other
maddock,Germanic
vali,Other
reservatory,Latin
pedagogy,Greek
muscimol,Germanic
conic,Greek
bahuvrihi,Other
resist,Latin
beedi,Other
advise,Germanic
estate,Latin
stelios,Greek
perish,Germanic
spirit,Latin
pontus,Greek
lend,Germanic
sudden,Germanic
autonomy,Greek
cell,Latin
thetan,Greek
aread,Germanic
natural,Latin
haram,Other
patriot,Greek
bridge,Germanic
chiaus,Other
shaft,Germanic
sotogake,Other
completive,Latin
fen,Germanic
pajama,Other
term,Latin
promise,Latin
admiral,Other
pranayama,Other
jesse,Greek
sangha,Other
mariet,Latin
social,Latin
meaning,Germanic
islam,Other
panel,Latin
hypocoristic,Greek
choke,Germanic
thucydides,Greek
ekstasis,Greek
kakistocracy,Greek
baptize,Greek
immutation,Latin
zimzum,Other
ferment,Latin
canteen,Latin
custom,Latin
acieration,Latin
mercury,Latin
tetragrammaton,Greek
mamzer,Other
swim,Germanic
symphony,Greek
wealth,Germanic
thing,Germanic
bedone,Germanic
morphotic,Greek
womb,Germanic
exotic,Greek
read,Germanic
basileus,Greek
kyanite,Greek
fukusa,Other
kvetch,Other
obelix,Latin
matter,Latin
mother,Germanic
kreutzer,Germanic
deesis,Greek
typhoon,Other
physiognomy,Greek
aphrodisiac,Greek
forcover,Germanic
edgie,Germanic
territory,Latin
courage,Latin
offer,Latin
ethelbert,Germanic
euboea,Greek
proteus,Greek
cruentous,Latin
seoul,Other
potchky,Other
source,Latin
diacritic,Greek
tend,Latin
number,Latin
pan,Greek
wool,Germanic
annual,Latin
leper,Germanic
gens,Latin
cure,Latin
pleura,Greek
benthos,Greek
stride,Germanic
cheetah,Other
chimaera,Greek
syntax,Greek
orthodoxy,Greek
open,Germanic
charas,Other
judæus,Greek
scandal,Greek
path,Germanic
synthesis,Greek
tashkil,Other
agent,Latin
juche,Other
awamori,Other
epiboly,Greek
fashion,Latin
pedion,Greek
mosque,Other
musth,Other
cosmic,Greek
pastirma,Other
tyger,Germanic
inessa,Other
collin,Greek
dromon,Greek
erotomania,Greek
shuttle,Germanic
moral,Latin
daff,Germanic
yuzu,Other
donek,Other
masjid,Other
lisse,Germanic
mridangam,Other
fart,Germanic
shape,Germanic
criterion,Greek
wolf,Germanic
secret,Latin
settle,Latin
manage,Latin
pepper,Other
glia,Greek
door,Germanic
kara,Other
ululate,Latin
career,Latin
kipchak,Other
chimera,Greek
barmy,Germanic
hellenistic,Germanic
steel,Germanic
seek,Germanic
meteor,Greek
masseuse,Latin
restore,Latin
proxenoi,Greek
plutocracy,Greek
emerge,Latin
mare,Germanic
temenos,Greek
bank,Latin
yojana,Other
batch,Germanic
mention,Latin
matinée,Latin
birman,Latin
prone,Latin
zoë,Greek
increase,Latin
gunbai,Other
gujarati,Other
beg,Germanic
eleatic,Latin
loathe,Germanic
kochab,Other
membrane,Greek
impose,Latin
archon,Greek
contest,Latin
lure,Latin
kagok,Other
gnomology,Greek
kama,Other
linnorm,Germanic
kurgan,Other
matraca,Latin
waridashi,Other
vacuum,Latin
eon,Greek
kibbeh,Other
chinoiserie,Latin
encounter,Latin
cyrene,Greek
cypriot,Greek
achroous,Greek
mahlon,Other
panic,Greek
hypogeum,Latin
megaphone,Greek
cholent,Other
bin,Other
boist,Latin
hear,Germanic
skink,Latin
underyoke,Germanic
event,Latin
cease,Latin
prove,Latin
remark,Latin
geometry,Greek
phenomenon,Greek
franchise,Germanic
urinarium,Latin
harns,Germanic
pyrexia,Greek
lyric,Greek
shintaido,Other
fatah,Other
cronus,Greek
chlamys,Greek
admit,Latin
root,Germanic
grave,Latin
baboon,Germanic
gonad,Greek
barometer,Greek
energetic,Greek
tambura,Other
vote,Latin
rathel,Germanic
nyet,Other
advice,Latin
material,Latin
gruyere,Latin
sheaf,Germanic
tetartemorion,Greek
chleuasmos,Greek
extend,Latin
weltanschauung,Germanic
namaste,Other
ferret,Germanic
college,Latin
kazi,Other
relate,Latin
macedonia,Greek
recover,Latin
acrostic,Greek
tsuyuharai,Other
tribute,Latin
synapse,Greek
goose,Germanic
regard,Latin
diadem,Greek
pharisee,Other
prodigious,Latin
effendi,Other
sound,Germanic
arrive,Latin
synagogue,Greek
faith,Latin
prudence,Latin
cystine,Greek
tophet,Other
admire,Latin
henotic,Greek
yivo,Other
waste,Germanic
euterpe,Greek
koschei,Other
opinion,Latin
household,Germanic
aslan,Other
supreme,Latin
abstersive,Latin
leach,Germanic
mercaptan,Germanic
write,Germanic
allocation,Latin
chronoclasm,Greek
sanjak,Other
reverse,Latin
pocket,Germanic
ganglion,Greek
little,Germanic
okurinage,Other
sleep,Germanic
yoritaoshi,Other
tonneau,Latin
ephemeral,Greek
shoot,Germanic
despise,Germanic
active,Latin
edessa,Greek
allergy,Greek
poioumenon,Greek
economy,Greek
emblem,Greek
elis,Greek
lampern,Germanic
baldaquin,Latin
innocent,Latin
tale,Germanic
mushaira,Other
maulana,Other
halse,Germanic
kogal,Other
uranography,Greek
timpani,Greek
samurai,Other
zohar,Other
shikse,Other
potiphar,Other
chakram,Other
sit,Germanic
proof,Germanic
rhymer,Germanic
familiar,Latin
sigurd,Germanic
fajr,Other
thule,Greek
inhabitant,Latin
crepitus,Latin
two,Germanic
coach,Latin
rix,Germanic
eurus,Greek
mortify,Latin
goom,Germanic
shield,Germanic
strigil,Latin
office,Latin
millet,Other
daniel,Greek
diplomat,Greek
tetradic,Greek
arm,Germanic
zurna,Other
stellify,Germanic
quirpele,Other
major,Latin
fedayee,Other
aristophanes,Greek
payndemain,Latin
booklore,Germanic
odeon,Greek
telemachus,Greek
hilt,Germanic
polemic,Greek
sherbet,Other
daily,Germanic
swing,Germanic
cybernetic,Greek
spelt,Germanic
apophony,Latin
caria,Greek
properispomenon,Greek
foreign,Latin
hallowed,Germanic
ijaza,Other
cocoa,Other
route,Latin
argute,Latin
emotion,Latin
governante,Latin
asthma,Greek
preterient,Latin
feague,Germanic
azimuth,Other
deuteragonist,Greek
taekwondo,Other
kutcha,Other
tetrahedron,Greek
guesthouse,Germanic
value,Latin
dauerschlaf,Germanic
abram,Other
dance,Germanic
mashugana,Other
aulos,Greek
kakke,Other
sarangi,Other
fire,Germanic
arrack,Other
strange,Latin
frigga,Germanic
popocatépetl,Latin
wrap,Germanic
hippodrome,Latin
moor,Germanic
adamos,Greek
sigmoid,Greek
honor,Latin
tteok,Other
magistral,Latin
incurrent,Latin
ascetic,Greek
memory,Latin
tazia,Other
inbeat,Germanic
minyan,Other
hierophant,Greek
quadrangle,Latin
bokeh,Other
certain,Latin
manner,Latin
senryū,Other
stadium,Greek
motion,Latin
drangiana,Greek
accidie,Latin
nymph,Greek
notion,Latin
irony,Greek
flat,Germanic
drive,Germanic
continue,Latin
tiger,Other
tilak,Other
caracal,Other
aggest,Latin
wonder,Germanic
saw,Germanic
melancholy,Greek
nemesis,Greek
surface,Latin
squash,Other
duly,Germanic
kingric,Germanic
cossid,Other
stalwart,Germanic
elbow,Germanic
bihari,Other
hetaera,Greek
parent,Latin
hechsher,Other
fulsome,Germanic
copper,Germanic
flavid,Latin
example,Latin
dessjatine,Other
chain,Latin
gave,Germanic
world,Germanic
kasseri,Greek
retire,Latin
betrash,Germanic
hysteria,Greek
debt,Latin
hierodule,Greek
deep,Germanic
allude,Latin
psychiatry,Greek
erotic,Greek
capital,Latin
cynic,Greek
plot,Germanic
susoharai,Other
crotone,Latin
stitch,Germanic
apoptosis,Greek
slive,Germanic
edwin,Germanic
nomad,Greek
stick,Germanic
icosagon,Greek
yex,Germanic
megara,Greek
regal,Germanic
trill,Germanic
bey,Other
engendrure,Latin
tetraptote,Latin
bemoan,Germanic
kamishibai,Other
limit,Latin
sow,Germanic
trophy,Greek
artemis,Greek
giros,Greek
enable,Latin
field,Germanic
chief,Latin
burhan,Other
thus,Germanic
hypothesis,Greek
temperature,Greek
delos,Greek
demos,Greek
tariff,Other
magic,Other
macaque,Latin
frankland,Germanic
monochrome,Greek
country,Latin
tiny,Germanic
pulpit,Latin
treaty,Latin
metabolism,Greek
siren,Greek
apotheosis,Greek
savor,Latin
grain,Latin
lass,Germanic
yoshi,Other
tholos,Greek
glycerin,Greek
beride,Germanic
organ,Greek
state,Latin
fabulate,Latin
anacreon,Greek
athena,Latin
ankylosis,Greek
talisman,Other
image,Latin
klismos,Greek
library,Latin
moose,Other
messene,Greek
snake,Germanic
static,Greek
verve,Latin
dor,Germanic
loaf,Germanic
decline,Latin
slow,Germanic
poleis,Greek
equate,Latin
police,Greek
ushas,Other
damma,Other
lexicology,Greek
algol,Other
nadir,Other
soapland,Other
cowrie,Other
panchami,Other
romaunt,Latin
koto,Other
adonai,Other
pediatrics,Greek
intumulated,Latin
anemia,Greek
freeze,Germanic
object,Latin
aesthetic,Greek
anadromous,Greek
attach,Latin
amiuchi,Other
wait,Germanic
blepharon,Greek
sahaja,Other
haimish,Other
agave,Greek
necrosis,Greek
euchite,Greek
choir,Greek
emule,Latin
eccrine,Greek
interpret,Latin
bloom,Germanic
jivanmukta,Other
urning,Germanic
louse,Germanic
wind,Germanic
mihrab,Other
dwt,Latin
mote,Germanic
friend,Germanic
kittle,Germanic
credulity,Latin
glad,Germanic
asana,Other
usnea,Other
cholmondeley,Germanic
alderamin,Other
syndrome,Greek
apophasis,Greek
chlorite,Greek
ghibli,Other
victual,Germanic
puriform,Latin
prevent,Latin
mobility,Latin
anchorite,Greek
eris,Greek
philerast,Greek
ouroboros,Greek
mawk,Germanic
schlump,Other
charivari,Latin
kakegoe,Other
egg,Germanic
extersion,Latin
ephapse,Greek
andreas,Greek
coelom,Greek
riad,Other
craniopagus,Germanic
auricula,Latin
irani,Other
wide,Germanic
sough,Germanic
ekphrasis,Greek
laertes,Greek
dodecanese,Greek
sympathy,Greek
brankursine,Latin
only,Germanic
parthenic,Greek
hide,Germanic
fulfilment,Germanic
girl,Germanic
donburi,Other
anime,Other
kyōto,Other
bathe,Germanic
sail,Germanic
epimetheus,Greek
serve,Latin
high,Germanic
garrison,Other
ablaut,Germanic
boon,Germanic
special,Latin
lute,Other
bereave,Germanic
sarissa,Greek
cremaster,Greek
fise,Germanic
basis,Latin
sarala,Other
wrist,Germanic
good,Germanic
castle,Latin
araxes,Greek
affect,Latin
arak,Other
durene,Latin
regimen,Latin
erastus,Greek
kyushu,Other
describe,Latin
zayde,Other
urgent,Latin
practice,Greek
care,Germanic
sujuk,Other
suggest,Latin
lusophone,Latin
zion,Other
transliterate,Latin
termites,Latin
shawarma,Other
irenic,Greek
politics,Greek
pneuma,Greek
jared,Other
instead,Latin
dresser,Latin
tie,Germanic
sudan,Other
negar,Other
herbarium,Latin
flambeau,Latin
ibycus,Greek
chit,Other
acephal,Greek
wallop,Germanic
karaj,Other
elliptic,Greek
pain,Latin
talent,Greek
xanthippe,Greek
oaxaca,Other
sure,Germanic
stone,Germanic
tassel,Latin
elephant,Greek
terpsichore,Greek
broch,Germanic
synchicity,Latin
arval,Germanic
yell,Germanic
polydactyly,Greek
syriac,Greek
evenmete,Germanic
interest,Latin
kolinsky,Other
halter,Germanic
soma,Other
orphan,Greek
dishdasha,Other
cot,Other
fatha,Other
gondolet,Latin
royal,Latin
ordinary,Latin
rope,Germanic
forest,Latin
arrhythmia,Greek
bodycon,Other
sayyid,Other
shumokuzori,Other
turn,Germanic
harvest,Germanic
kinboshi,Other
jordan,Other
cacodaemonical,Greek
gascon,Latin
once,Germanic
claik,Germanic
brath,Germanic
betee,Germanic
tall,Germanic
compound,Germanic
nihongo,Other
satyric,Greek
stoss,Germanic
kerberos,Greek
want,Germanic
uraniscus,Greek
tree,Germanic
crith,Greek
brahman,Other
rhodium,Greek
retsina,Greek
meros,Greek
mahasattva,Other
gunsel,Other
vaisakha,Other
tsukite,Other
onding,Germanic
mishna,Other
eye,Germanic
prosthetic,Greek
ishmael,Other
venatorial,Latin
similar,Latin
nehemiah,Other
sikh,Other
eulogy,Greek
sokoban,Other
beshitten,Germanic
aegeus,Greek
artifice,Latin
sentence,Latin
homonym,Greek
alchemy,Other
steady,Germanic
chavel,Germanic
sting,Germanic
kartika,Other
castalian,Latin
micronesia,Greek
chime,Latin
thin,Germanic
nychthemeron,Greek
sho,Other
auschwitz,Germanic
matsutake,Other
eudemonia,Greek
schuss,Germanic
shiur,Other
noble,Latin
for,Germanic
greaten,Germanic
confirm,Latin
paradise,Other
ostracism,Greek
khat,Other
aunt,Latin
force,Latin
aul,Other
dodder,Germanic
enjambment,Latin
furikake,Other
glory,Latin
list,Latin
guilty,Germanic
sabbatical,Greek
knap,Germanic
local,Latin
pelosity,Latin
mask,Other
couch,Latin
latchet,Latin
gastric,Greek
tension,Latin
situation,Latin
gringo,Latin
heap,Germanic
blintz,Other
manga,Other
mill,Germanic
piraeus,Greek
aversion,Latin
shelf,Germanic
camera,Latin
schlub,Other
board,Latin
arsenic,Germanic
solonetz,Other
suppose,Latin
layer,Latin
fix,Latin
knife,Germanic
eidolon,Greek
epoch,Greek
cipher,Other
uchigake,Other
heterogeneous,Latin
yaroslavl,Other
guayaba,Latin
tsarevna,Other
street,Germanic
gentle,Latin
dungaree,Other
amaterasu,Other
anesis,Greek
amaze,Germanic
mentch,Other
fucivorous,Greek
pause,Latin
chaturanga,Other
epictetus,Greek
dinghy,Other
raclage,Latin
prodigy,Germanic
low,Germanic
labor,Latin
hondel,Other
penury,Latin
pneumatology,Greek
class,Latin
dilemma,Greek
hern,Germanic
doric,Greek
spangle,Germanic
ramsons,Germanic
kundalini,Other
peach,Other
eudaemonism,Greek
close,Latin
reichskanzler,Germanic
gnostic,Greek
twelve,Germanic
untermensch,Germanic
apophyge,Greek
jericho,Other
kurta,Other
last,Germanic
paksha,Other
atalanta,Greek
amma,Other
synod,Greek
smith,Germanic
castory,Latin
oceanus,Greek
amoeba,Greek
chronograph,Greek
challah,Other
survive,Latin
watch,Germanic
inviscate,Latin
think,Germanic
apocalypse,Greek
forthclepe,Germanic
pure,Latin
polite,Latin
adonis,Greek
guilt,Germanic
analemma,Greek
shadchen,Other
fortravel,Germanic
losh,Germanic
ocelot,Other
shiva,Other
ploutos,Greek
behoove,Germanic
horizon,Greek
endeavour,Germanic
rob,Germanic
sleight,Germanic
hove,Germanic
oppose,Latin
host,Latin
standard,Latin
fujiwara,Other
bunraku,Other
lawly,Germanic
gleed,Germanic
golem,Other
pharmacy,Greek
drama,Greek
plunge,Latin
clench,Germanic
phone,Greek
antistasis,Greek
kibitka,Other
shoal,Germanic
condition,Latin
army,Latin
daegu,Other
antibiotic,Greek
otto,Germanic
dark,Germanic
epitome,Greek
panorama,Greek
ladoga,Other
jilbab,Other
adiabatic,Greek
serendip,Other
graph,Greek
glass,Germanic
rust,Germanic
arete,Greek
communal,Latin
shirt,Germanic
historian,Latin
antanaclasis,Greek
afikomen,Other
chemistry,Other
ketchup,Other
quinquereme,Latin
actin,Greek
mitzvah,Other
epistemology,Greek
lamb,Germanic
helga,Germanic
balti,Other
magazine,Other
wet,Germanic
silt,Germanic
graphology,Greek
belook,Germanic
bosh,Other
heresy,Greek
sumo,Other
ashvamedha,Other
sheep,Germanic
claim,Latin
assurance,Germanic
udātta,Other
catapult,Latin
villi,Latin
ethan,Other
phobos,Greek
folk,Germanic
chryselephantine,Greek
clochard,Latin
shtetl,Other
aiel,Latin
fullmade,Germanic
zek,Other
ochlesis,Greek
ḍamma,Other
pyongyang,Other
anger,Latin
kentledge,Latin
sushi,Other
iland,Germanic
genro,Other
aim,Latin
thug,Other
clergy,Greek
interlace,Germanic
delay,Latin
conventionnel,Latin
varuna,Other
siddhartha,Other
bdelloid,Greek
categorematic,Greek
scathand,Germanic
tsukidashi,Other
work,Germanic
eid,Other
improve,Latin
tofu,Other
episode,Greek
nirvana,Other
tholeiite,Germanic
pawn,Latin
scenario,Greek
reem,Other
samael,Other
weasand,Germanic
skene,Greek
misanthropy,Greek
achira,Other
bread,Germanic
nathan,Other
shiloh,Other
liberty,Latin
ham,Germanic
index,Latin
nail,Germanic
swallow,Germanic
new,Germanic
piquillo,Latin
dalmatia,Latin
dermatology,Greek
pythagoras,Greek
tackle,Germanic
cathartic,Greek
pankration,Greek
nation,Latin
bishop,Greek
notice,Latin
troika,Other
aikidoka,Other
hypochondriac,Greek
zubeneschamali,Other
column,Latin
banana,Other
experience,Latin
euryale,Greek
streuselkuchen,Germanic
tribulation,Germanic
yorikiri,Other
occasion,Latin
corinth,Greek
aphrodite,Greek
coffle,Other
tusk,Germanic
dervish,Other
reuben,Other
serious,Latin
kakiemon,Other
mussulman,Other
zoilus,Greek
government,Latin
olfactory,Latin
hanjaeo,Other
catholic,Greek
keirin,Other
maximilian,Germanic
wave,Germanic
request,Latin
monaco,Greek
unco,Germanic
count,Latin
abisetaoshi,Other
gonoph,Other
polyandrion,Greek
somatophylax,Greek
felefold,Germanic
psi,Greek
lanterloo,Latin
atrin,Germanic
auto,Greek
afare,Germanic
sally,Latin
kettle,Germanic
daemon,Greek
string,Germanic
ice,Germanic
minjung,Other
ethiopia,Greek
takahashi,Other
swan,Germanic
speak,Germanic
weak,Germanic
hexameter,Greek
nathanael,Other
thyroid,Greek
centric,Greek
dodo,Latin
rhapsody,Greek
python,Greek
hemera,Greek
psammoma,Greek
shamash,Other
bhakti,Other
tsipouro,Greek
netanyahu,Other
agony,Greek
hieromnemon,Greek
yaksha,Other
caracole,Latin
aba,Other
evangelist,Greek
hole,Germanic
grant,Latin
philanthropy,Greek
inviolable,Latin
north,Germanic
finance,Latin
robbery,Latin
anthea,Greek
chakravakam,Other
heracles,Greek
gemish,Other
inspire,Latin
tonal,Other
sluff,Germanic
cacodaemon,Greek
hypolimnion,Greek
zakat,Other
enantiosis,Greek
short,Germanic
juke,Germanic
jesus,Greek
priya,Other
hyllus,Greek
osaka,Other
fatḥa,Other
verst,Other
melchizedek,Other
traditive,Latin
stern,Germanic
cutis,Latin
bayan,Other
dramatology,Greek
kut,Other
possess,Latin
calydon,Greek
hologram,Greek
hazard,Other
oni,Other
shinto,Other
heleth,Germanic
karyotype,Other
sole,Germanic
kosher,Other
thumb,Germanic
unwisely,Germanic
astaghfirullah,Other
consume,Latin
reject,Latin
umbraid,Germanic
origami,Other
wold,Germanic
toches,Other
adonic,Greek
irritate,Latin
neutral,Latin
vilayet,Other
afterclap,Germanic
fight,Germanic
trochoid,Greek
method,Greek
chrysoberyl,Greek
prod,Germanic
carmel,Other
nakba,Other
glum,Germanic
schlong,Other
sayonara,Other
eunomia,Greek
affray,Germanic
issue,Latin
mingei,Other
ectopic,Greek
interfere,Latin
rank,Latin
young,Germanic
kibble,Germanic
euphoria,Greek
knighthood,Germanic
join,Latin
yahrzeit,Other
staniel,Germanic
cycle,Greek
reversion,Latin
asteroid,Greek
nuncupative,Latin
malleable,Germanic
ashura,Other
frost,Germanic
problem,Greek
fuel,Latin
link,Latin
gorbachev,Other
man,Germanic
space,Latin
besit,Germanic
excuse,Latin
ten,Germanic
toman,Other
witness,Germanic
late,Germanic
cinema,Greek
kirill,Greek
bull,Germanic
propiska,Other
trophic,Greek
bouilli,Latin
epimythium,Greek
hester,Germanic
rouncy,Latin
mindless,Germanic
rheum,Latin
placenta,Latin
diaspora,Greek
society,Latin
one,Germanic
smooth,Germanic
fortune,Latin
strong,Germanic
sea,Germanic
church,Germanic
mercy,Germanic
limosis,Greek
lexis,Greek
semble,Latin
thunder,Germanic
sumac,Other
somatic,Greek
luxury,Germanic
gristle,Germanic
pseudonym,Greek
structure,Latin
design,Latin
halloumi,Greek
ketaguri,Other
waniand,Germanic
intifada,Other
arctic,Greek
tetanus,Latin
parataxis,Greek
catastrophe,Greek
lai,Germanic
kalima,Other
teriyaki,Other
degree,Latin
krishna,Other
karaism,Other
sandalwood,Germanic
dike,Greek
stir,Germanic
weigh,Germanic
heavy,Germanic
dispondee,Latin
thrift,Germanic
modern,Latin
algorithm,Other
geta,Other
timar,Other
gnasting,Germanic
bacchylides,Greek
caaba,Other
guatemala,Other
sashiko,Other
chirality,Greek
dysthymia,Greek
calligraphy,Greek
zimmermann,Germanic
public,Latin
abigail,Other
depend,Latin
answer,Latin
indra,Other
damon,Greek
themis,Greek
phyllo,Greek
bight,Germanic
betrust,Germanic
areach,Germanic
paragraph,Greek
ayield,Germanic
peptide,Greek
masdar,Other
hygrothermal,Greek
phatic,Greek
kilij,Other
ball,Latin
somen,Other
abwab,Other
actual,Latin
bostanji,Other
semen,Latin
light,Germanic
zazen,Other
menorah,Other
kaymak,Other
line,Latin
torah,Other
anand,Other
profession,Latin
sandal,Other
maize,Other
beknow,Germanic
asyndeton,Greek
omophorion,Greek
deuteropathy,Greek
disarm,Germanic
minstrelsy,Germanic
embrace,Latin
helicopter,Greek
parusia,Greek
fluke,Germanic
alshain,Other
frim,Germanic
okuritaoshi,Other
elijah,Other
transform,Latin
prurient,Latin
stare,Germanic
sacrament,Latin
blasphemy,Greek
inform,Latin
ancestor,Germanic
drape,Germanic
chernobyl,Other
astronomy,Greek
electron,Greek
petroselinum,Greek
flower,Latin
flammeous,Latin
slim,Germanic
gymnasium,Greek
tallit,Other
sirkar,Other
sheba,Other
life,Germanic
spurn,Germanic
seisachtheia,Greek
time,Germanic
mintaqah,Other
prestimony,Latin
homeotherm,Greek
simurgh,Other
purim,Other
farm,Germanic
discobolus,Greek
sixty,Germanic
yukata,Other
slade,Germanic
hakama,Other
tafelspitz,Germanic
tear,Germanic
tolerant,Latin
aphanite,Greek
gaza,Greek
dysphoria,Greek
kommunalka,Other
superior,Latin
modest,Latin
jail,Germanic
specter,Latin
germ,Latin
guard,Latin
sugar,Other
tore,Germanic
dignity,Latin
astronaut,Greek
constantinople,Greek
instant,Latin
hyrse,Germanic
team,Germanic
mezze,Other
sharp,Germanic
foud,Germanic
people,Latin
acrobat,Greek
overall,Latin
œniadæ,Greek
sunder,Germanic
scyth,Greek
aeolia,Greek
mandarin,Other
night,Germanic
coryphene,Greek
bangle,Other
chronos,Greek
sukkah,Other
abax,Greek
sashimi,Other
hammock,Other
munshi,Other
pistachio,Other
synonym,Greek
mankind,Germanic
exalt,Latin
milk,Germanic
permit,Latin
liberal,Latin
shraddha,Other
mycenae,Greek
helios,Greek
derm,Greek
result,Latin
hecate,Greek
lilac,Other
center,Greek
gyotaku,Other
represent,Latin
propose,Latin
campaign,Latin
apatheia,Greek
tulwar,Other
barchan,Other
apologian,Greek
calveren,Germanic
dhobi,Other
sovkhoz,Other
naam,Germanic
schnook,Other
partner,Latin
hypnosis,Greek
anaphora,Greek
tornado,Other
fusuma,Other
diploma,Greek
protect,Latin
hair,Germanic
present,Latin
pair,Latin
executorial,Latin
thuluth,Other
condor,Other
sambo,Other
seg,Germanic
pactitious,Latin
metaphor,Greek
vanilla,Latin
konak,Other
enyo,Greek
integer,Latin
jungfrau,Germanic
punch,Other
thief,Germanic
schmutter,Other
shinkansen,Other
betroth,Germanic
ichthys,Greek
perform,Latin
phalanges,Greek
hanaper,Latin
fallow,Germanic
djinn,Other
battology,Greek
yard,Germanic
virtue,Latin
jelick,Other
heal,Germanic
sapote,Other
round,Germanic
innocuous,Latin
chair,Latin
lois,Greek
salt,Germanic
blame,Latin
moron,Greek
ecesis,Greek
chœnix,Greek
loom,Germanic
might,Germanic
tzaddik,Other
consecution,Germanic
judas,Greek
atshake,Germanic
trust,Latin
din,Germanic
mark,Germanic
property,Latin
woe,Germanic
initial,Latin
abhimanyu,Other
vanaspati,Other
floor,Germanic
ptolemy,Greek
complect,Latin
lead,Germanic
outfall,Germanic
cube,Latin
novel,Latin
genie,Other
book,Germanic
session,Latin
favor,Latin
geal,Latin
hydrogen,Greek
deliberate,Latin
flux,Latin
stress,Latin
shift,Germanic
nastika,Other
miasmata,Greek
fair,Germanic
ballock,Germanic
aristarchus,Greek
furbish,Germanic
contain,Latin
sig,Germanic
catalogue,Latin
paraleipsis,Greek
misdo,Germanic
pythiad,Greek
caid,Other
diagram,Greek
bismillah,Other
sofer,Other
epexegesis,Greek
enwrite,Germanic
crime,Latin
inaugurate,Latin
garden,Latin
bemourn,Germanic
military,Latin
mutism,Latin
plum,Germanic
filst,Germanic
lesson,Latin
irradiate,Latin
honcho,Other
keep,Germanic
dramatic,Greek
sadhu,Other
whither,Germanic
hipparchus,Greek
subaltern,Latin
bodkin,Germanic
musk,Other
sakta,Other
stream,Germanic
heart,Germanic
whist,Germanic
kendo,Other
shah,Other
behind,Germanic
misturn,Germanic
enthusiasm,Greek
toil,Germanic
discubitory,Latin
around,Germanic
makiotoshi,Other
dikē,Greek
nainsook,Other
prize,Latin
defailment,Latin
enemy,Latin
dystocia,Greek
scholar,Greek
socage,Germanic
levi,Other
former,Latin
wunderkind,Germanic
position,Latin
adjust,Latin
oshidashi,Other
amazonomachy,Greek
beshine,Germanic
torpor,Latin
hammer,Germanic
leprous,Latin
orchestra,Greek
albumen,Latin
gnit,Germanic
phthor,Greek
mastersinger,Germanic
defeat,Latin
olympus,Greek
lakh,Other
saffron,Other
shegetz,Other
stage,Latin
algeria,Other
mulberry,Germanic
priority,Latin
singular,Germanic
tisane,Latin
rishi,Other
deme,Greek
diagnosis,Greek
handiwork,Germanic
curry,Germanic
zellige,Other
illyria,Greek
grece,Latin
charisma,Greek
small,Germanic
bridelock,Germanic
luke,Germanic
pleasure,Latin
darshan,Other
euthanasia,Greek
hierarchy,Greek
zeus,Greek
mahmood,Other
federal,Latin
jyotsna,Other
sakura,Other
thread,Germanic
ray,Latin
aulete,Greek
khan,Other
bible,Greek
track,Latin
vanquish,Germanic
wild,Germanic
vociferant,Latin
brahmacharya,Other
include,Latin
steal,Germanic
euxenite,Greek
aldebaran,Other
fall,Germanic
screw,Germanic
west,Germanic
wem,Germanic
thumri,Other
emancipator,Latin
leave,Germanic
period,Greek
sobornost,Other
ischury,Latin
demic,Greek
eosphorus,Greek
idea,Greek
determine,Latin
cresset,Latin
gear,Germanic
soft,Germanic
ruin,Latin
sash,Other
hilal,Other
captain,Latin
judge,Latin
muntjac,Germanic
angel,Greek
ounce,Latin
promote,Latin
naraka,Other
alnilam,Other
guest,Germanic
circle,Latin
element,Greek
zephyrus,Greek
coffee,Other
isis,Greek
venture,Latin
swath,Germanic
bacteria,Greek
heir,Germanic
auxetic,Greek
dodecatemory,Greek
ptomaine,Latin
demotist,Greek
erinaceous,Latin
address,Latin
baklahorani,Greek
xiphoid,Greek
nudzh,Other
ablepsy,Greek
auger,Germanic
tepe,Other
enigma,Greek
prepare,Latin
hegemony,Greek
tattoo,Germanic
sight,Germanic
sentiment,Latin
muckender,Latin
gnosis,Greek
hajj,Other
manila,Other
import,Latin
autochthon,Greek
amianthus,Greek
stigma,Greek
road,Germanic
predict,Latin
apikoros,Other
recoct,Latin
withdrive,Germanic
aditya,Other
eclipse,Greek
elastic,Greek
whinge,Germanic
gallop,Germanic
acme,Greek
clone,Greek
attract,Latin
education,Latin
amate,Latin
ukase,Other
topography,Greek
jezail,Other
hyperbola,Greek
igloo,Other
anna,Other
critic,Greek
hammam,Other
hellen,Greek
kidney,Germanic
klatsch,Germanic
architect,Greek
diphda,Other
exoteric,Latin
measure,Latin
kobashigawa,Other
injury,Latin
kekaeshi,Other
descry,Latin
sain,Germanic
amylum,Greek
iwan,Other
servile,Latin
steam,Germanic
shōgun,Other
model,Latin
corner,Germanic
photograph,Greek
rhetoric,Greek
chatter,Germanic
trochanter,Greek
abdullah,Other
bhat,Other
priest,Germanic
cain,Other
eccyclema,Greek
mindful,Germanic
malossol,Other
gokkun,Other
saddle,Germanic
jnana,Other
asbestos,Latin
swike,Germanic
candy,Other
hawk,Germanic
colchis,Greek
kurosawa,Other
procedure,Latin
smart,Germanic
senpai,Other
flagon,Germanic
dianoetic,Greek
skin,Germanic
pursue,Latin
wife,Germanic
commit,Latin
fail,Latin
yggdrasil,Germanic
speediness,Germanic
android,Greek
expand,Latin
prefer,Latin
hakim,Other
program,Greek
yogi,Other
helladic,Greek
cockerel,Germanic
ammonite,Latin
triton,Greek
periphery,Greek
anopheles,Greek
lantzman,Other
underneath,Germanic
display,Latin
oltenia,Latin
cable,Other
uhuru,Other
comfort,Latin
escutcheon,Latin
combine,Latin
mastery,Latin
bottle,Latin
chrestomathy,Greek
savanna,Other
crown,Latin
chance,Latin
role,Latin
section,Latin
umami,Other
language,Latin
length,Germanic
tetris,Other
melanure,Greek
coral,Greek
scaglia,Latin
atene,Germanic
sika,Other
costen,Germanic
mizuna,Other
step,Germanic
nāga,Other
reign,Latin
east,Germanic
heterodoxy,Greek
purpose,Latin
ballismus,Greek
spoliation,Latin
treasury,Latin
olympics,Greek
chervonets,Other
dupondius,Latin
bookstaff,Germanic
bundook,Other
frock,Germanic
theory,Greek
kyūjitai,Other
central,Latin
exile,Germanic
budget,Latin
benim,Germanic
denarian,Latin
deliver,Latin
scarlet,Other
scopolamine,Germanic
ream,Germanic
caramoussal,Other
catalysis,Greek
behold,Germanic
hypocritic,Greek
toddy,Other
hinayana,Other
philalethia,Greek
imagine,Latin
remove,Latin
acnestis,Greek
bimah,Greek
polnoglasie,Other
sudoku,Other
cacodaemoniacal,Greek
cater,Germanic
enthalpy,Greek
law,Germanic
clausular,Latin
paracme,Greek
halant,Other
tolkusha,Other
murder,Latin
regma,Greek
droop,Germanic
whom,Germanic
target,Latin
kruptadia,Greek
casbah,Other
abread,Germanic
torshi,Other
with,Germanic
stomach,Greek
ocean,Greek
baptism,Greek
xenial,Greek
cosmos,Greek
ground,Germanic
normal,Latin
saphenous,Other
remain,Latin
cover,Latin
hething,Germanic
apostle,Greek
agora,Other
capture,Latin
render,Latin
romaji,Other
ivrit,Other
schizophrenia,Greek
province,Latin
erysipelas,Greek
xyster,Greek
check,Other
aegina,Greek
rely,Latin
agitate,Latin
channel,Latin
severe,Latin
script,Germanic
flooring,Germanic
baruch,Other
bonny,Germanic
yar,Germanic
wali,Other
calamint,Latin
spill,Germanic
infect,Latin
assignat,Latin
vantage,Germanic
teak,Latin
yearly,Germanic
express,Latin
giant,Greek
prostyle,Greek
bhatt,Other
katara,Other
figure,Latin
green,Germanic
dwadashi,Other
prison,Latin
strict,Latin
mutasarrif,Other
attention,Latin
tragic,Greek
erebus,Greek
complete,Latin
eruv,Other
hygiene,Greek
extremity,Germanic
walrus,Germanic
swart,Germanic
cold,Germanic
bungalow,Other
view,Latin
parrock,Germanic
bewind,Germanic
ichoglan,Other
pausha,Other
loyal,Latin
agastya,Other
zentai,Other
tax,Latin
hemorrhage,Greek
apodeictic,Greek
scalpel,Latin
device,Latin
chapel,Latin
enjoy,Latin
andrew,Greek
borborite,Greek
slender,Germanic
keen,Germanic
thought,Germanic
relicted,Latin
kavala,Greek
white,Germanic
kōbe,Other
mazuma,Other
character,Greek
hang,Germanic
strike,Germanic
octopus,Greek
average,Other
feygele,Other
zafu,Other
coldrife,Germanic
they,Germanic
tiburon,Latin
vacuüm,Germanic
mathematics,Greek
eliezer,Other
solomon,Other
tighten,Germanic
chord,Greek
medaka,Other
circe,Greek
chorisis,Greek
stoor,Germanic
total,Latin
sook,Other
humble,Latin
mimnermus,Greek
stuff,Germanic
necessary,Latin
river,Latin
ziamet,Other
case,Latin
chilopod,Greek
earth,Germanic
oka,Other
rise,Germanic
clastic,Greek
mission,Latin
neoteric,Latin
embryo,Greek
assation,Latin
way,Germanic
accumulatio,Latin
hen,Germanic
formal,Latin
applique,Latin
accidently,Germanic
falsehood,Germanic
stomachous,Latin
bocca,Latin
schicksa,Other
bashkir,Other
tikka,Other
action,Latin
gamely,Germanic
compare,Latin
tacamahac,Other
onomatopoeia,Greek
juvenal,Latin
alethic,Greek
sabot,Latin
jahannam,Other
lankaran,Other
rival,Latin
kiosk,Other
rachel,Other
sufganiyah,Other
skiff,Latin
phyllis,Greek
entire,Latin
nature,Latin
selamlik,Other
batman,Other
pollute,Germanic
catabolism,Greek
tsatske,Other
anvil,Germanic
rate,Latin
spelk,Germanic
fortee,Germanic
mayor,Latin
alabastron,Greek
octogenary,Latin
farsang,Other
muhajir,Other
weevil,Germanic
battle,Latin
decide,Latin
breathe,Germanic
ghatam,Other
intentive,Germanic
aerobic,Greek
zoroaster,Greek
malt,Germanic
chad,Germanic
castanet,Latin
chumash,Other
umgang,Germanic
demeter,Greek
fruit,Latin
taiko,Other
kakezori,Other
aphaeretic,Greek
potsherd,Germanic
miriam,Other
goit,Germanic
sphenic,Greek
pouch,Latin
smyrna,Greek
lacedaemon,Greek
saint,Latin
hijra,Other
agesilaus,Greek
bethatch,Germanic
psychology,Greek
deal,Germanic
widowhood,Germanic
targum,Other
sakatottari,Other
quetzal,Latin
semantron,Greek
stroke,Germanic
torte,Germanic
atom,Greek
chunam,Other
spoliate,Latin
parallel,Greek
hajib,Other
hold,Germanic
wilfully,Germanic
knee,Germanic
execute,Latin
spring,Germanic
archontes,Greek
tsitsith,Other
nisei,Other
toboggan,Other
thallus,Greek
crystal,Greek
know,Germanic
anorexia,Greek
hamas,Other
chasma,Greek
wage,Latin
galbe,Latin
sun,Germanic
wound,Germanic
nihilism,Germanic
iatric,Greek
ijma,Other
wine,Germanic
tribunal,Latin
respond,Latin
karate,Other
cashmere,Other
thomas,Greek
simple,Latin
ananias,Greek
apollyon,Greek
matsuyama,Other
approximate,Latin
antiptosis,Greek
internal,Latin
zikr,Other
kashiwabara,Other
panga,Other
puck,Germanic
elne,Germanic
myth,Greek
horn,Germanic
malison,Latin
energy,Greek
revolution,Latin
yoke,Germanic
cohabitation,Latin
aslake,Germanic
signal,Latin
mœræ,Greek
demonstrate,Latin
ghutra,Other
zaitech,Other
didactic,Greek
crib,Germanic
travel,Latin
dingus,Germanic
synophrys,Greek
health,Germanic
charge,Latin
barbecue,Other
patient,Latin
valenki,Other
tide,Germanic
elliniko,Greek
kailasa,Other
jinriksha,Other
involve,Latin
tent,Germanic
rich,Latin
forgab,Germanic
station,Latin
ponzu,Other
caleb,Other
influence,Latin
license,Latin
oxytone,Greek
haiku,Other
ferly,Germanic
sunyata,Other
escape,Latin
shaitan,Other
mahabharata,Other
greatness,Germanic
ketubah,Other
afyonkarahisar,Other
takoyaki,Other
act,Latin
hydraulic,Greek
palynology,Greek
reserve,Latin
comedy,Greek
chibouk,Other
eromenos,Greek
besides,Germanic
elot,Greek
œnoë,Greek
mermaid,Germanic
trauma,Greek
eolic,Latin
symbol,Greek
star,Germanic
haifa,Other
trouble,Latin
stereotype,Greek
forensic,Latin
matsumoto,Other
wart,Germanic
thirst,Germanic
taverna,Greek
entopic,Greek
employ,Latin
magnanerie,Latin
pesach,Other
asphodel,Greek
phorminx,Greek
guitar,Other
koshinage,Other
misanthrope,Greek
marathon,Greek
market,Latin
govern,Latin
chilli,Other
range,Latin
alutiiq,Other
eirenicon,Greek
solid,Latin
glove,Germanic
sarai,Other
instance,Latin
abatis,Latin
sempiternal,Latin
incident,Latin
fast,Germanic
push,Germanic
tone,Greek
shinjitai,Other
jujube,Greek
suffer,Latin
psychic,Greek
ferine,Latin
luck,Germanic
catachrestic,Greek
affiance,Latin
nomothete,Greek
monsoon,Other
canoe,Other
toxic,Greek
brothered,Germanic
pelmeni,Other
declinate,Latin
ranch,Other
oven,Germanic
explain,Latin
ausonium,Greek
stavros,Greek
bet,Other
friendess,Germanic
jocasta,Greek
long,Germanic
enosis,Greek
melopoeia,Greek
artichoke,Other
chess,Other
shawl,Other
odd,Germanic
quarter,Latin
yellow,Germanic
masquerade,Latin
kiss,Germanic
silo,Latin
hour,Latin
coeus,Greek
engine,Latin
analogy,Greek
samiel,Other
loukoumi,Greek
aleph,Other
neck,Germanic
caza,Other
stalworth,Germanic
vane,Germanic
anthesis,Greek
slocken,Germanic
mechanics,Latin
deny,Latin
nataraja,Other
hezekiah,Other
psogos,Greek
œcles,Greek
thick,Germanic
ataman,Other
grass,Germanic
stesichorus,Greek
christ,Germanic
anchor,Greek
minch,Germanic
groom,Germanic
cathedral,Greek
komatasukui,Other
remedy,Latin
takbir,Other
chase,Latin
judith,Other
fig,Germanic
hangeul,Other
carbon,Latin
nephros,Greek
artistic,Latin
clap,Germanic
adree,Germanic
message,Latin
murmur,Germanic
arthrodia,Greek
zemfira,Other
ionic,Greek
purview,Germanic
insist,Latin
lemon,Other
paedophilia,Greek
vakil,Other
nyotaimori,Other
kalbi,Other
jute,Other
desaparecido,Latin
maintain,Latin
bentsh,Other
impact,Latin
ceylon,Greek
company,Latin
apollo,Greek
shogun,Other
epilogic,Greek
cathode,Greek
like,Germanic
spook,Germanic
aras,Other
jar,Other
lane,Germanic
taxis,Greek
krotovina,Other
droog,Other
brocard,Latin
subject,Latin
whelk,Germanic
ensure,Latin
veritas,Latin
megaera,Greek
plasma,Greek
lorette,Latin
dialogue,Greek
akhund,Other
loth,Germanic
dioscuri,Greek
anaxarchus,Greek
minister,Latin
kilim,Other
yashmak,Other
duke,Latin
threnody,Greek
wasabi,Other
masonry,Latin
purl,Germanic
duty,Latin
escarbuncle,Latin
astand,Germanic
anacreontic,Greek
whelm,Germanic
acarpous,Greek
zero,Other
lay,Germanic
hemisphere,Greek
shakha,Other
brief,Latin
peculate,Latin
torve,Germanic
partial,Latin
ossete,Other
fare,Germanic
koinonia,Greek
nectar,Greek
sultan,Other
invade,Latin
waterzooi,Germanic
courlandish,Germanic
tonguey,Germanic
kubihineri,Other
baritone,Greek
excalibur,Germanic
anthropos,Greek
sacrifice,Latin
mandir,Other
stable,Latin
domain,Latin
haroseth,Other
seth,Other
technical,Greek
diaphragm,Greek
hall,Germanic
marshrutka,Other
heaven,Germanic
arteriac,Latin
catoptric,Greek
obtuse,Latin
versicolour,Latin
mental,Latin
liturgy,Greek
forcremp,Germanic
mansion,Latin
emir,Other
allure,Latin
avoid,Latin
karateka,Other
fon,Germanic
balance,Latin
enclisis,Greek
hakkoz,Other
robe,Germanic
horæ,Greek
gynecology,Greek
window,Germanic
pyramid,Greek
hyperion,Greek
kkwaenggwari,Other
keiretsu,Other
brahma,Other
pantheon,Greek
exegete,Greek
cotton,Other
relation,Latin
alyssum,Greek
feast,Germanic
sake,Other
azure,Other
eme,Germanic
death,Germanic
prognostic,Latin
divide,Latin
calculate,Latin
bout,Germanic
dynamic,Greek
scene,Greek
rhapsode,Greek
quadrumane,Latin
sequin,Other
syllable,Greek
desmid,Greek
ghoul,Other
volume,Latin
narcissus,Greek
megillah,Other
court,Latin
habit,Latin
isaac,Other
row,Germanic
apathy,Greek
supply,Latin
athlete,Greek
person,Latin
magnet,Greek
tammuz,Other
mantel,Germanic
barcarole,Latin
orthodoxia,Greek
vasu,Other
warm,Germanic
kgb,Other
ovum,Latin
horror,Latin
iron,Germanic
jaghir,Other
genius,Greek
satellite,Greek
price,Latin
improbation,Latin
amphibian,Greek
drachm,Greek
party,Latin
emphasis,Greek
patissier,Latin
peplos,Greek
equal,Latin
stall,Germanic
sacred,Latin
thurrock,Germanic
hero,Greek
shishamo,Other
parenesis,Greek
okuridashi,Other
compose,Latin
ephah,Other
hodja,Other
ependyma,Greek
solonchak,Other
souvlaki,Greek
impossible,Latin
genitor,Latin
simonides,Greek
apparent,Latin
rati,Other
parabola,Greek
abgusht,Other
eparch,Greek
gesundheit,Germanic
suit,Latin
metacentre,Latin
senryu,Other
ignore,Latin
testimonial,Latin
sofa,Other
narcissist,Greek
cheese,Germanic
hailse,Germanic
hunt,Germanic
pleonexia,Greek
abkari,Other
shower,Germanic
father,Germanic
honbasho,Other
ketu,Other
forehead,Germanic
mnemonics,Greek
gun,Germanic
foot,Germanic
defraudation,Latin
ninjutsu,Other
jayantha,Other
genre,Greek
tantra,Other
intermede,Latin
wagyu,Other
forlornness,Germanic
bronze,Greek
base,Latin
cerberus,Greek
develop,Latin
almanac,Other
esau,Other
aivd,Germanic
cinque,Germanic
stink,Germanic
crimson,Other
house,Germanic
allahabad,Other
kokuji,Other
nike,Greek
almagest,Other
cantharus,Greek
izanagi,Other
galatia,Greek
hagwon,Other
araki,Other
abrenounce,Latin
abkhaz,Other
anusvara,Other
gesture,Latin
brodequin,Latin
rama,Other
thring,Germanic
jerboa,Other
mousmé,Other
nichonage,Other
burden,Latin
sarma,Other
lox,Other
ceiling,Latin
medicine,Latin
common,Latin
bureaucracy,Greek
steven,Greek
save,Latin
ing,Germanic
seel,Germanic
dendrite,Greek
khansamah,Other
clutch,Germanic
tokkurinage,Other
apothegmatic,Greek
sudorific,Latin
adelite,Greek
minos,Greek
pylon,Greek
jasmine,Other
kreplach,Other
bukkake,Other
farthing,Germanic
paltry,Germanic
xochinacaztli,Other
synamphoteron,Greek
vital,Latin
trial,Latin
pragmatist,Greek
anomaly,Greek
pædeutics,Greek
schmendrick,Other
tsuridashi,Other
youthly,Germanic
putty,Latin
euripides,Greek
sandhi,Other
swive,Germanic
falafel,Other
son,Germanic
detail,Latin
saganaki,Greek
hirn,Germanic
sparstone,Germanic
pletzel,Other
chocolate,Other
level,Latin
league,Latin
gangnam,Other
zone,Greek
symptom,Greek
support,Latin
appeal,Latin
besleep,Germanic
gammadion,Greek
inqilab,Other
ludificatory,Latin
mantra,Other
izba,Other
policy,Greek
inner,Latin
narthex,Greek
gummi,Germanic
sphere,Greek
utchari,Other
moment,Latin
hyposphagma,Greek
boustrophedon,Greek
esbjerg,Germanic
ufa,Other
union,Latin
spell,Germanic
forpamper,Germanic
expert,Latin
shibori,Other
ateji,Other
phlegmon,Latin
albania,Greek
whet,Germanic
gulch,Germanic
koshikudake,Other
kaput,Germanic
kemenche,Other
arithmetic,Greek
fish,Germanic
lepidote,Greek
autodidactic,Greek
dilute,Latin
hill,Germanic
cygnet,Germanic
immense,Latin
kuzbass,Other
liquid,Latin
ozæna,Greek
yet,Germanic
paradox,Greek
shvitz,Other
start,Germanic
dinosaur,Greek
dejecta,Latin
pattern,Latin
middle,Germanic
yield,Germanic
meadwort,Germanic
fact,Latin
microbe,Greek
ship,Germanic
offend,Latin
rain,Germanic
band,Latin
rough,Germanic
false,Latin
sanhedrin,Other
nakamura,Other
oshitaoshi,Other
revenge,Latin
neginoth,Other
withe,Germanic
gift,Germanic
muy,Latin
caliber,Other
logic,Greek
food,Germanic
woning,Germanic
roost,Germanic
cloud,Latin
smile,Germanic
while,Germanic
couple,Latin
justice,Latin
sadguru,Other
vientiane,Latin
candrabindu,Other
ladle,Germanic
style,Latin
guillotine,Latin
thallium,Greek
theme,Greek
burghbote,Germanic
dress,Latin
owl,Germanic
ford,Germanic
boodle,Germanic
nosh,Other
litre,Greek
corundum,Other
kier,Germanic
worm,Germanic
flokati,Greek
phalanx,Greek
tau,Greek
history,Greek
encratite,Latin
general,Latin
newness,Germanic
nigh,Germanic
okuritsuriotoshi,Other
concern,Latin
draft,Latin
proton,Greek
kebaya,Other
paralytic,Greek
sclerosis,Greek
adynaton,Greek
thermal,Greek
fouse,Germanic
narada,Other
erer,Germanic
kofta,Other
freely,Germanic
excede,Latin
dregs,Germanic
triumph,Greek
sindhu,Other
poverty,Latin
astraeus,Greek
beseen,Germanic
basil,Latin
manavati,Other
alb,Germanic
legal,Latin
clinal,Greek
gerim,Other
underfang,Germanic
trapping,Germanic
historia,Greek
grade,Latin
oath,Germanic
clementine,Latin
grand,Latin
ellipse,Greek
chamber,Latin
subashi,Other
quinible,Latin
hupaithric,Greek
telegram,Greek
schvartze,Other
ganga,Other
minish,Germanic
pilipino,Other
vervain,Latin
help,Germanic
astarte,Greek
craton,Greek
giaour,Other
kappa,Greek
void,Latin
stigmata,Greek
kolkhoz,Other
aak,Other
define,Latin
psychopomp,Greek
moderate,Latin
wanspeed,Germanic
gribenes,Other
town,Germanic
fantasy,Greek
aburagiri,Other
belgorod,Other
amenance,Latin
jaffa,Other
pagan,Greek
brahmaputra,Other
pledge,Latin
genetics,Greek
nagak,Other
erythrin,Greek
welsh,Germanic
imprimatur,Latin
vishnu,Other
senavati,Other
boldhead,Germanic
gosu,Other
shikoku,Other
mannish,Germanic
dempne,Germanic
insipid,Latin
code,Latin
pathos,Greek
tonguy,Germanic
analysis,Greek
vessel,Latin
narasimha,Other
acmeism,Other
karna,Other
construct,Latin
pyrrhus,Greek
whilend,Germanic
ragnarok,Germanic
unorn,Germanic
abdest,Other
gideon,Other
stay,Germanic
weathering,Germanic
knob,Germanic
moselle,Latin
microscope,Greek
fear,Germanic
offstand,Germanic
tasis,Latin
taste,Germanic
bialy,Other
soldier,Latin
logos,Greek
sheer,Germanic
calotype,Greek
nephron,Greek
optical,Greek
splendiferous,Latin
metaphrase,Greek
shred,Germanic
enormous,Latin
okuriashi,Other
effascination,Latin
sakyamuni,Other
erdoğan,Other
ikebana,Other
gorgon,Greek
genkan,Other
harmony,Greek
grief,Germanic
flesh,Germanic
run,Germanic
shitatedashinage,Other
adah,Other
giraffe,Other
swell,Germanic
koji,Other
quartet,Latin
kind,Germanic
machine,Greek
naengmyeon,Other
trade,Latin
analogon,Greek
sarcasm,Greek
lakshmi,Other
tragedy,Greek
indemnify,Latin
thessaloniki,Greek
speed,Germanic
sample,Latin
bonsai,Other
citlali,Other
chromid,Greek
xeric,Greek
universe,Latin
melt,Germanic
vatrushka,Other
clear,Latin
connection,Latin
objuration,Latin
knot,Germanic
oxus,Greek
dern,Germanic
lesbos,Greek
elixir,Other
akasa,Other
dolsot,Other
thalia,Greek
hadith,Other
unfriend,Germanic
nose,Germanic
impress,Germanic
gopuram,Other
tombolo,Latin
rāma,Other
beshield,Germanic
towel,Germanic
mogul,Other
mouldwarp,Germanic
gupta,Other
saz,Other
kourotrophos,Greek
baku,Other
borough,Germanic
characteristic,Greek
stich,Greek
tagalog,Other
bar,Latin
wash,Germanic
tool,Germanic
sandek,Other
venkateswara,Other
seed,Germanic
addition,Latin
bazooka,Germanic
protein,Greek
poikilitic,Greek
cigar,Other
shamisen,Other
sarissophoros,Greek
amaravati,Other
netherward,Germanic
less,Germanic
stevened,Germanic
hoplite,Greek
togarmah,Other
osmanli,Other
imbat,Other
extent,Latin
hornet,Germanic
tourniquet,Latin
ostensive,Latin
exist,Latin
naskh,Other
gain,Germanic
quality,Latin
okiya,Other
needle,Germanic
plutonic,Latin
semifinal,Latin
chorographer,Greek
yoga,Other
alexandroupoli,Greek
beauty,Latin
famous,Latin
goy,Other
ready,Germanic
crook,Germanic
xenocrates,Greek
anxiety,Latin
abite,Germanic
cork,Germanic
omega,Greek
connex,Latin
amethyst,Germanic
tavla,Other
snithe,Germanic
scrimer,Latin
götterdämmerung,Germanic
mild,Germanic
bourgeoisie,Latin
roof,Germanic
weep,Germanic
music,Greek
install,Latin
platform,Latin
same,Germanic
kinetics,Greek
matthias,Greek
czar,Other
titan,Greek
afeefa,Other
diastole,Greek
utsunomiya,Other
catharsis,Greek
shapka,Other
mimantean,Greek
thorax,Greek
qasida,Other
purana,Other
sacre,Germanic
trilogy,Greek
lanary,Latin
hand,Germanic
horoscope,Greek
muchness,Germanic
ability,Latin
abbas,Other
panipuri,Other
watanabe,Other
biology,Greek
economic,Latin
hatif,Other
iambic,Greek
hoatzin,Other
vaishya,Other
repair,Latin
labyrinth,Greek
chillum,Other
exegesis,Greek
withstand,Germanic
kontakion,Greek
miracle,Greek
snood,Germanic
infrared,Latin
passage,Latin
experiment,Latin
meiji,Other
mishegoss,Other
zev,Other
gender,Germanic
ahaz,Other
enwrap,Germanic
prayer,Latin
anabasis,Greek
excellent,Latin
autodidact,Greek
bedeal,Germanic
enhance,Latin
lac,Latin
lemuel,Other
kopis,Greek
nearhand,Germanic
hiddle,Germanic
ossetia,Other
sullow,Germanic
tambourine,Other
daphne,Greek
qualm,Germanic
fly,Germanic
abrash,Other
attic,Greek
mirror,Germanic
village,Latin
proper,Latin
horse,Germanic
shell,Germanic
apple,Germanic
cacodemonic,Greek
hook,Germanic
mischling,Germanic
alluvious,Latin
idiot,Greek
shochu,Other
sotomuso,Other
system,Greek
gerontology,Greek
ampliatio,Latin
wantonhead,Germanic
droshky,Other
nestor,Greek
stand,Germanic
contact,Latin
exaggerate,Latin
sruti,Other
outgang,Germanic
rhinotillexomania,Greek
harm,Germanic
poem,Greek
althing,Germanic
geneat,Germanic
half,Germanic
khaki,Other
wilkins,Germanic
agatha,Greek
trowable,Germanic
receive,Latin
gate,Germanic
bihar,Other
elenctic,Greek
psorokóstaina,Greek
usual,Latin
ladrone,Latin
misdeed,Germanic
occupy,Latin
kayak,Other
philatory,Latin
pamphylia,Greek
pastrami,Other
decretory,Latin
oxygen,Greek
heave,Germanic
allegation,Latin
reflex,Latin
alone,Germanic
forspan,Germanic
forthyete,Germanic
plethora,Greek
hari,Other
surplus,Latin
rule,Latin
jaya,Other
baikal,Other
demosthenes,Greek
kent,Germanic
kirikaeshi,Other
zodiac,Greek
wish,Germanic
ghost,Germanic
styx,Greek
dhyana,Other
consider,Latin
synergy,Greek
slouch,Germanic
bond,Latin
kavya,Other
neurospast,Latin
pederasty,Greek
yuruk,Other
newhalf,Other
ume,Other
aziz,Other
umbelap,Germanic
due,Latin
apocalyptic,Greek
samogon,Other
pelike,Greek
block,Latin
strategy,Greek
contessa,Latin
sheriffhood,Germanic
hoplon,Greek
aroma,Greek
tamari,Other
josiah,Other
bide,Germanic
frum,Other
parenthesis,Greek
tsukaminage,Other
glede,Germanic
diaeresis,Greek
tsuba,Other
honey,Germanic
chakra,Other
place,Latin
raku,Other
resign,Latin
dreave,Germanic
neuston,Greek
media,Greek
shlong,Other
planet,Greek
bedeen,Germanic
sophisticated,Greek
quake,Germanic
galeophobia,Greek
quell,Germanic
account,Latin
single,Latin
gluteus,Greek
toe,Germanic
sand,Germanic
culture,Latin
paedophiliac,Greek
arachosia,Greek
moshav,Other
slot,Latin
archilochus,Greek
replenish,Germanic
accident,Latin
mechanic,Greek
compete,Latin
monastery,Greek
chapter,Latin
woman,Germanic
murabba,Other
harem,Other
laugh,Germanic
amazake,Other
koulouri,Greek
learn,Germanic
seppuku,Other
athos,Greek
lot,Germanic
wheat,Germanic
jagannath,Other
task,Latin
principle,Latin
studenkin,Other
democracy,Greek
metanoia,Greek
scorpioid,Greek
storm,Germanic
gene,Germanic
seif,Other
zill,Other
polygon,Greek
heriot,Germanic
safari,Other
brahmana,Other
badmash,Other
precious,Latin
harbor,Latin
oracle,Greek
charm,Latin
delineate,Latin
besow,Germanic
evident,Latin
chicano,Latin
lacquer,Other
vacuity,Latin
liedertafel,Germanic
zelatrix,Latin
ouzo,Greek
tsumatori,Other
idle,Germanic
endemic,Greek
master,Latin
bosa,Other
peripeteia,Greek
school,Greek
wake,Germanic
power,Latin
need,Germanic
solution,Latin
pragmatic,Greek
allantoid,Greek
ramen,Other
move,Latin
treason,Germanic
weld,Germanic
therewith,Germanic
knight,Germanic
lecherous,Germanic
diazeuctic,Greek
dodecahedron,Greek
art,Latin
thalassocracy,Greek
watashikomi,Other
blagoveshchensk,Other
qafiz,Other
pteron,Greek
possible,Latin
futon,Other
aikido,Other
utada,Other
snoop,Germanic
convert,Latin
kykeon,Greek
straw,Germanic
zaftig,Other
register,Latin
legacy,Latin
climate,Greek
abandonment,Latin
bashlyk,Other
coleslaw,Germanic
declare,Latin
anemious,Greek
nausea,Greek
guide,Latin
eagre,Germanic
desire,Latin
cosmetic,Greek
karma,Other
makhaira,Greek
native,Latin
ride,Germanic
advance,Latin
nome,Greek
clade,Greek
arrest,Latin
fukushima,Other
yajna,Other
muscle,Latin
parable,Greek
indicate,Latin
wrongness,Germanic
buxom,Germanic
chaturthi,Other
walnut,Germanic
tonkatsu,Other
kombu,Other
rest,Latin
armenia,Greek
quitch,Germanic
nostalgia,Greek
cabinet,Latin
lemma,Greek
danger,Latin
earwig,Germanic
halicarnassus,Greek
press,Latin
ring,Germanic
rudraksha,Other
cataphora,Greek
nyaya,Other
assume,Latin
malefic,Latin
hood,Germanic
bishonen,Other
pronaos,Greek
wrixle,Germanic
kurbash,Other
please,Latin
edema,Greek
hyacinthus,Greek
opinative,Latin
rhinoceros,Greek
stair,Germanic
shrink,Germanic
yurt,Other
hegemon,Greek
resolve,Latin
withnay,Germanic
cruel,Latin
translate,Germanic
bleed,Germanic
dorp,Germanic
jezebel,Other
tomato,Other
summer,Germanic
ecology,Greek
color,Latin
lascivious,Latin
makeless,Germanic
metropolis,Greek
except,Latin
homeric,Latin
cacodyl,Greek
order,Latin
fund,Latin
beaker,Germanic
bendly,Germanic
automaton,Greek
encomiast,Greek
inmeat,Germanic
autopoiesis,Greek
presidial,Latin
camlet,Other
heel,Germanic
pancetta,Latin
envy,Latin
antimetabole,Greek
wing,Germanic
steer,Germanic
landscape,Other
schmuck,Other
diabolo,Greek
selah,Other
hormone,Greek
commerce,Latin
pariah,Other
acknow,Germanic
yael,Other
shemozzle,Other
navy,Latin
red,Germanic
region,Latin
inbland,Germanic
dutchland,Germanic
ochlagogue,Greek
uthappam,Other
disc,Greek
sorrow,Germanic
obtain,Latin
postulant,Latin
island,Germanic
gershayim,Other
conite,Greek
definition,Germanic
require,Latin
spinach,Other
hippopotamus,Greek
capric,Latin
importable,Latin
diapir,Greek
atman,Other
encyclopedia,Greek
ergot,Latin
symmetry,Greek
south,Germanic
zenith,Other
eschew,Germanic
litvak,Other
völva,Germanic
dugong,Other
arguendo,Latin
slide,Germanic
plastic,Greek
taiga,Other
genetic,Greek
replace,Latin
assassin,Other
though,Germanic
flathe,Germanic
centipede,Latin
nephalist,Greek
muslim,Other
arse,Germanic
appreciation,Latin
burakumin,Other
tuff,Latin
arnaut,Other
hypothetical,Greek
love,Germanic
ancillary,Latin
unwieldy,Germanic
three,Germanic
smetana,Other
grunt,Germanic
announce,Latin
sutler,Germanic
litotes,Greek
rebbetzin,Other
return,Germanic
arrange,Latin
select,Latin
sarkar,Other
lifeway,Germanic
physics,Greek
cardinal,Latin
chullo,Other
catastasis,Greek
brontë,Greek
assemble,Germanic
cohen,Other
mind,Germanic
kokugi,Other
hyetal,Greek
suspect,Latin
jetsam,Germanic
empire,Latin
poison,Latin
aphesis,Greek
gloppen,Germanic
gerocomy,Greek
bebloody,Germanic
cadmium,Greek
unseemly,Germanic
rampage,Germanic
meninx,Greek
ida,Greek
alike,Germanic
merengue,Latin
nihilate,Latin
anatomy,Greek
leasing,Germanic
sukkot,Other
angelopoulos,Greek
flay,Germanic
yenisei,Other
water,Germanic
plan,Latin
process,Latin
olympia,Greek
caravan,Other
scale,Germanic
weapon,Germanic
cryptocracy,Greek
wedbreak,Germanic
tonga,Other
age,Latin
merv,Other
flotilla,Latin
galeanthropy,Greek
koniology,Greek
web,Germanic
paramukta,Other
apparatchik,Other
thy,Germanic
lyre,Greek
axiology,Greek
savitr,Other
passion,Latin
scaramouche,Latin
tsukemono,Other
erinys,Greek
catamenia,Greek
vallation,Latin
cook,Germanic
distinct,Latin
scriptorium,Latin
orient,Greek
madeira,Latin
kokyo,Other
fardel,Germanic
rhaita,Other
heat,Germanic
christianity,Germanic
cair,Germanic
bath,Other
sciolist,Latin
better,Germanic
socrates,Greek
pickaninny,Latin
cause,Latin
revenue,Latin
william,Latin
worthy,Germanic
indeficient,Latin
dream,Germanic
swear,Germanic
devotchka,Other
thesis,Greek
telescope,Greek
epictetian,Greek
panther,Latin
polyglot,Greek
enter,Latin
auxin,Greek
touch,Latin
chytrid,Greek
hepatitis,Greek
mazandaran,Other
epanorthosis,Greek
susanoo,Other
jinn,Other
ablastous,Greek
large,Latin
merguez,Other
eruginous,Latin
vajra,Other
sharab,Other
tsar,Other
forshut,Germanic
wakizashi,Other
kerygma,Greek
periaktoi,Greek
zarf,Other
phecda,Other
alphabet,Greek
adwesch,Germanic
muskellunge,Latin
hard,Germanic
sergey,Other
anabasius,Greek
home,Germanic
kallikantzaros,Greek
mantinada,Greek
juggernaut,Other
okuritsuridashi,Other
weather,Germanic
rabia,Other
visual,Latin
ecdysis,Greek
gauze,Other
humation,Latin
noematic,Greek
atlas,Greek
worldwise,Germanic
kinedom,Germanic
syrup,Other
hope,Germanic
dweomercraft,Germanic
unwisdom,Germanic
gold,Germanic
mealtide,Germanic
ethnic,Greek
pralaya,Other
beteach,Germanic
geography,Greek
snow,Germanic
adhortation,Latin
scarious,Latin
raiyat,Other
climatology,Latin
bolshevik,Other
sice,Latin
menstrual,Germanic
twin,Germanic
nabal,Other
locoum,Other
numeral,Latin
kinetic,Greek
diameter,Greek
rajah,Other
dactyly,Greek
shufti,Other
kherson,Other
umbecast,Germanic
sintir,Other
israel,Other
ibn,Other
pentagon,Greek
human,Latin
allotrope,Greek
cemetery,Greek
peloponnese,Greek
anonymous,Greek
toph,Latin
theia,Greek
michoacán,Other
sardis,Greek
trema,Greek
tardation,Latin
effort,Latin
iridium,Greek
word,Germanic
katakana,Other
phrygia,Greek
refuse,Latin
constant,Latin
loden,Germanic
bezant,Latin
ger,Other
curcumin,Latin
gopala,Other
necromancy,Greek
thorn,Germanic
paunce,Latin
cylinder,Greek
shibasaki,Other
svarita,Other
pneumonia,Greek
eta,Greek
dolium,Latin
reveal,Latin
release,Latin
aponia,Greek
cecity,Latin
inari,Other
cappadocia,Greek
tazi,Other
sclera,Greek
sad,Germanic
kasra,Other
goat,Germanic
drink,Germanic
haboku,Other
song,Germanic
devanagari,Other
buck,Germanic
kotatsu,Other
loot,Other
grime,Germanic
khud,Other
stoic,Greek
ousia,Greek
knightly,Germanic
agonistes,Greek
rupee,Other
lord,Germanic
prandial,Latin
eureka,Greek
kantar,Other
true,Germanic
phlebotomia,Greek
sword,Germanic
gabriel,Other
spur,Germanic
mytilene,Greek
exchange,Latin
nicholas,Greek
manhwa,Other
jun,Other
mersion,Latin
caddie,Germanic
bedraw,Germanic
sura,Other
adobe,Latin
hent,Germanic
discept,Latin
cannellini,Latin
fox,Germanic
arhat,Other
defend,Latin
mouth,Germanic
religion,Latin
takanawa,Other
slay,Germanic
mattress,Other
morphology,Greek
mauriceau,Latin
strength,Germanic
shadow,Germanic
engage,Latin
aporia,Latin
phoebe,Greek
eliel,Other
head,Germanic
abaptiston,Greek
crab,Germanic
auletris,Greek
child,Germanic
periphrastic,Greek
nighantu,Other
hunger,Germanic
epilepsy,Greek
happen,Germanic
novosibirsk,Other
anacoloutha,Greek
orthodox,Greek
uncus,Latin
arbiter,Latin
chartomancy,Greek
meet,Germanic
lose,Latin
sinople,Latin
assist,Latin
shiatsu,Other
brave,Latin
leaf,Germanic
lull,Germanic
trimester,Latin
derograte,Latin
therapy,Greek
pous,Greek
vayu,Other
chronology,Greek
bema,Greek
happy,Germanic
inbring,Germanic
devote,Latin
alogia,Greek
zeshan,Other
discuss,Latin
ghazwa,Other
archive,Greek
koizumi,Other
antipathy,Greek
basic,Greek
attempt,Latin
bulgur,Other
stark,Germanic
technology,Greek
blend,Germanic
tektite,Greek
appoint,Latin
mysophobia,Greek
homiletics,Greek
alectryomancy,Greek
parasite,Greek
skordalia,Greek
mount,Latin
forget,Germanic
zōri,Other
occur,Latin
absent,Latin
broad,Latin
apply,Latin
quarantine,Latin
danish,Germanic
askesis,Greek
geisha,Other
faqih,Other
tarbagan,Other
end,Germanic
funnel,Germanic
viscose,Latin
diet,Greek
profit,Latin
category,Greek
odessa,Other
carat,Other
haul,Germanic
examine,Latin
grammar,Greek
centromere,Germanic
atlantis,Greek
neva,Other
zastruga,Other
recency,Latin
ritter,Germanic
origin,Latin
sastruga,Other
abhiseka,Other
chile,Other
guise,Germanic
museum,Greek
fruticant,Latin
permansion,Latin
typhon,Greek
okara,Other
hymn,Greek
grim,Germanic
parousia,Greek
layn,Other
stock,Germanic
admonition,Germanic
amphoteric,Greek
farkakteh,Other
ree,Germanic
kineric,Germanic
unique,Latin
canzona,Latin
auteur,Latin
protagonist,Greek
befold,Germanic
shampoo,Other
apeliotes,Greek
solve,Latin
turquoise,Other
lvov,Other
sharif,Other
ceramic,Greek
orneæ,Greek
chrysalis,Greek
shoji,Other
error,Latin
illui,Other
record,Latin
maladroit,Latin
malayalam,Other
aether,Greek
prophecy,Greek
silver,Germanic
cancel,Latin
moiré,Latin
tariqa,Other
alienans,Latin
katsura,Other
sardanapalus,Latin
modify,Germanic
novgorod,Other
swamp,Germanic
isamiashi,Other
preserve,Latin
okurihikiotoshi,Other
asura,Other
lemnos,Greek
individual,Latin
camp,Germanic
compaction,Latin
stellar,Greek
riq,Other
fayum,Other
lime,Other
series,Latin
con,Germanic
europa,Greek
self,Germanic
srikakulam,Other
kugel,Other
krait,Other
wheel,Germanic
forbruise,Germanic
euphrosyne,Greek
inseparate,Latin
throat,Germanic
theopneust,Greek
neighboured,Germanic
artillery,Germanic
cere,Germanic
disennoble,Latin
grow,Germanic
century,Latin
principal,Latin
shore,Germanic
telephone,Greek
year,Germanic
neurology,Greek
vectis,Latin
huda,Other
thuban,Other
diverticle,Latin
creed,Germanic
piss,Germanic
abnet,Other
bustle,Germanic
accuse,Latin
mukhtar,Other
stem,Germanic
donatist,Latin
prophet,Germanic
pathology,Greek
pretend,Latin
part,Latin
rhythm,Greek
option,Latin
matryoshka,Other
aorta,Greek
coath,Germanic
rebarbative,Latin
lung,Germanic
tehran,Other
incisure,Latin
ankus,Other
reward,Germanic
tsukuyomi,Other
epimenides,Greek
